{
  "component": true,
  "usingComponents": {
    "wux-row": "../../dist/row/index",
    "wux-col": "../../dist/col/index",
    "wux-segmented-control": "../../dist/segmented-control/index",
    "wux-date-picker": "../../dist/date-picker/index",
    "wux-cell-group": "../../dist/cell-group/index",
    "wux-cell": "../../dist/cell/index",
    "wux-button": "../../dist/button/index",
    "wux-select": "../../dist/select/index",
    "wux-white-space": "../../dist/white-space/index",
    "wux-card": "../../dist/card/index",
    "wux-wing-blank": "../../dist/wing-blank/index",
    "wux-picker": "../../dist/picker/index"
  }
}