{
  "component": true,
  "usingComponents": {
    "wux-tabs": "../../dist/tabs/index",
    "wux-tab": "../../dist/tab/index",
    "wux-badge": "../../dist/badge/index",
    "wux-wing-blank": "../../dist/wing-blank/index",
    "wux-white-space": "../../dist/white-space/index",
    "wux-media": "../../dist/media/index",
    "wux-row": "../../dist/row/index",
    "wux-col": "../../dist/col/index",
    "wux-cell-group": "../../dist/cell-group/index",
    "wux-cell": "../../dist/cell/index",
    "wux-select": "../../dist/select/index",
    "wux-picker": "../../dist/picker/index",
    "wux-button": "../../dist/button/index"
  }
}